SiteNumber, SiteName, SiteCategory, SiteAgency, SiteLongitude, SiteLatitude, SiteNWISURL
"06614800","MICHIGAN RIVER NEAR CAMERON PASS, CO","ST","USGS",-105.86501190,40.49609409,"https://waterdata.usgs.gov/nwis/inventory?agency_code=USGS&site_no=06614800"
"06620000","NORTH PLATTE RIVER NEAR NORTHGATE, CO","ST","USGS",-106.33919440,40.93663889,"https://waterdata.usgs.gov/nwis/inventory?agency_code=USGS&site_no=06620000"
"06696980","TARRYALL CREEK AT UPPER STATION NEAR COMO, CO","ST","USGS",-105.91168130,39.33943296,"https://waterdata.usgs.gov/nwis/inventory?agency_code=USGS&site_no=06696980"
"06700000","SOUTH PLATTE RIVER ABOVE CHEESMAN LAKE, CO.","ST","USGS",-105.31027320,39.16276858,"https://waterdata.usgs.gov/nwis/inventory?agency_code=USGS&site_no=06700000"
"06701620","TROUT CREEK BLW FERN CR NR WESTCREEK, CO.","ST","USGS",-105.12221120,39.16749104,"https://waterdata.usgs.gov/nwis/inventory?agency_code=USGS&site_no=06701620"
"06701700","WEST CR. ABV SHREWSBURY GULCH NR WESTCREEK CO","ST","USGS",-105.16001110,39.14542500,"https://waterdata.usgs.gov/nwis/inventory?agency_code=USGS&site_no=06701700"
"06701900","SOUTH PLATTE RIVER BLW BRUSH CRK NEAR TRUMBULL, CO","ST","USGS",-105.22193790,39.25999025,"https://waterdata.usgs.gov/nwis/inventory?agency_code=USGS&site_no=06701900"
"06708600","WEST PLUM CREEK NEAR PERRY PARK, CO","ST","USGS",-104.95190280,39.25947220,"https://waterdata.usgs.gov/nwis/inventory?agency_code=USGS&site_no=06708600"
"06708690","WEST PLUM CREEK AT SEDALIA, CO","ST","USGS",-104.96777780,39.42927778,"https://waterdata.usgs.gov/nwis/inventory?agency_code=USGS&site_no=06708690"
"06708800","EAST PLUM CR ABV HASKINS GULCH NR CASTLE ROCK, CO","ST","USGS",-104.90461110,39.42300000,"https://waterdata.usgs.gov/nwis/inventory?agency_code=USGS&site_no=06708800"
"06709000","PLUM CREEK NEAR SEDALIA, CO.","ST","USGS",-104.98303870,39.43832246,"https://waterdata.usgs.gov/nwis/inventory?agency_code=USGS&site_no=06709000"
"06709530","PLUM CREEK AT TITAN ROAD NEAR LOUVIERS, CO","ST","USGS",-105.02446670,39.50736944,"https://waterdata.usgs.gov/nwis/inventory?agency_code=USGS&site_no=06709530"
"06709740","LEE GULCH AT LITTLETON, CO","ST","USGS",-105.01602780,39.59611110,"https://waterdata.usgs.gov/nwis/inventory?agency_code=USGS&site_no=06709740"
"06709910","DUTCH CR AT PLATTE CANYON DRIVE NEAR LITTLETON, CO","ST","USGS",-105.04192220,39.60011110,"https://waterdata.usgs.gov/nwis/inventory?agency_code=USGS&site_no=06709910"
"06710150","BIG DRY CREEK BELOW C-470 AT HIGHLANDS RANCH, CO","ST","USGS",-104.92775800,39.56332160,"https://waterdata.usgs.gov/nwis/inventory?agency_code=USGS&site_no=06710150"
"06710247","SOUTH PLATTE RIVER BELOW UNION AVE, AT ENGLEWOOD,C","ST","USGS",-105.01498300,39.63248760,"https://waterdata.usgs.gov/nwis/inventory?agency_code=USGS&site_no=06710247"
"06710385","BEAR CREEK ABOVE EVERGREEN, CO","ST","USGS",-105.33694440,39.63316667,"https://waterdata.usgs.gov/nwis/inventory?agency_code=USGS&site_no=06710385"
"06710605","BEAR CREEK ABOVE BEAR CREEK LAKE NEAR MORRISON, CO","ST","USGS",-105.17325000,39.65202778,"https://waterdata.usgs.gov/nwis/inventory?agency_code=USGS&site_no=06710605"
"06711515","LITTLE DRY CREEK NR ARAPAHOE RD AT CENTENNIAL, CO","ST","USGS",-104.90650000,39.59373610,"https://waterdata.usgs.gov/nwis/inventory?agency_code=USGS&site_no=06711515"
"06711555","LITTLE DRY CREEK ABOVE ENGLEWOOD, CO","ST","USGS",-104.97887050,39.64915420,"https://waterdata.usgs.gov/nwis/inventory?agency_code=USGS&site_no=06711555"
"06711565","SOUTH PLATTE RIVER AT ENGLEWOOD, CO.","ST","USGS",-105.00414900,39.66498738,"https://waterdata.usgs.gov/nwis/inventory?agency_code=USGS&site_no=06711565"
"06711570","HARVARD GULCH AT COLORADO BLVD. AT DENVER, CO","ST","USGS",-104.94250830,39.66920278,"https://waterdata.usgs.gov/nwis/inventory?agency_code=USGS&site_no=06711570"
"06711575","HARVARD GULCH AT HARVARD PARK AT DENVER, CO","ST","USGS",-104.97702780,39.67172220,"https://waterdata.usgs.gov/nwis/inventory?agency_code=USGS&site_no=06711575"
"06711618","WEIR GULCH UPSTREAM FROM 1ST AVE. AT DENVER, CO","ST","USGS",-105.04201110,39.71724720,"https://waterdata.usgs.gov/nwis/inventory?agency_code=USGS&site_no=06711618"
"06711770","DRY GULCH AT DENVER, CO","ST","USGS",-105.03955560,39.73437500,"https://waterdata.usgs.gov/nwis/inventory?agency_code=USGS&site_no=06711770"
"06711780","LAKEWOOD GULCH AT DENVER, CO","ST","USGS",-105.03136110,39.73519444,"https://waterdata.usgs.gov/nwis/inventory?agency_code=USGS&site_no=06711780"
"06712000","CHERRY CREEK NEAR FRANKTOWN, CO.","ST","USGS",-104.76330920,39.35582340,"https://waterdata.usgs.gov/nwis/inventory?agency_code=USGS&site_no=06712000"
"06713000","CHERRY CREEK BELOW CHERRY CREEK LAKE, CO","ST","USGS",-104.86303260,39.65359899,"https://waterdata.usgs.gov/nwis/inventory?agency_code=USGS&site_no=06713000"
"06713500","CHERRY CREEK AT DENVER, CO.","ST","USGS",-104.99998170,39.74248685,"https://waterdata.usgs.gov/nwis/inventory?agency_code=USGS&site_no=06713500"
"06714215","SOUTH PLATTE R AT 64TH AVE. COMMERCE CITY, CO.","ST","USGS",-104.95831290,39.81220846,"https://waterdata.usgs.gov/nwis/inventory?agency_code=USGS&site_no=06714215"
"06714360","SAND CRK ABV BURLINGTON DITCH NR COMMERCE CITY, CO","ST","USGS",-104.95033330,39.81025000,"https://waterdata.usgs.gov/nwis/inventory?agency_code=USGS&site_no=06714360"
"06714400","S CLEAR CR ABV LOWER CABIN CR RES NR GEORGETOWN,CO","ST","USGS",-105.70748330,39.64900556,"https://waterdata.usgs.gov/nwis/inventory?agency_code=USGS&site_no=06714400"
"06714500","S CLEAR CR ABV LWR CABIN CR RES SPILWY NR GEORGTWN","ST","USGS",-105.70632780,39.66310000,"https://waterdata.usgs.gov/nwis/inventory?agency_code=USGS&site_no=06714500"
"06714800","LEAVENWORTH CREEK AT MOUTH NEAR GEORGETOWN, CO","ST","USGS",-105.70028210,39.68720955,"https://waterdata.usgs.gov/nwis/inventory?agency_code=USGS&site_no=06714800"
"06715000","CLEAR CREEK ABV WEST FORK CLEAR CREEK NR EMPIRE CO","ST","USGS",-105.66194700,39.75193190,"https://waterdata.usgs.gov/nwis/inventory?agency_code=USGS&site_no=06715000"
"06716100","WEST FORK CLEAR CREEK ABV MOUTH NR EMPIRE, CO","ST","USGS",-105.66000250,39.75887636,"https://waterdata.usgs.gov/nwis/inventory?agency_code=USGS&site_no=06716100"
"06716500","CLEAR CREEK NEAR LAWSON, CO","ST","USGS",-105.62611230,39.76582090,"https://waterdata.usgs.gov/nwis/inventory?agency_code=USGS&site_no=06716500"
"06718550","NORTH CLEAR CREEK ABOVE MOUTH NR BLACK HAWK, CO","ST","USGS",-105.39971590,39.74887674,"https://waterdata.usgs.gov/nwis/inventory?agency_code=USGS&site_no=06718550"
"06719505","CLEAR CREEK AT GOLDEN, CO","ST","USGS",-105.23526670,39.75304299,"https://waterdata.usgs.gov/nwis/inventory?agency_code=USGS&site_no=06719505"
"06719560","LENA GULCH AT LAKEWOOD, CO","ST","USGS",-105.14883330,39.74040278,"https://waterdata.usgs.gov/nwis/inventory?agency_code=USGS&site_no=06719560"
"06719840","LITTLE DRY CREEK AT WESTMINSTER, CO","ST","USGS",-105.04006390,39.82655278,"https://waterdata.usgs.gov/nwis/inventory?agency_code=USGS&site_no=06719840"
"06720460","FIRST CR BEL BUCKLEY RD, AT ROCKY MTN ARSENAL, CO","ST","USGS",-104.79386180,39.80804210,"https://waterdata.usgs.gov/nwis/inventory?agency_code=USGS&site_no=06720460"
"06720820","BIG DRY CREEK AT WESTMINSTER, CO","ST","USGS",-105.03538890,39.90568056,"https://waterdata.usgs.gov/nwis/inventory?agency_code=USGS&site_no=06720820"
"06720990","BIG DRY CREEK AT MOUTH NEAR FORT LUPTON, CO","ST","USGS",-104.83198610,40.06883330,"https://waterdata.usgs.gov/nwis/inventory?agency_code=USGS&site_no=06720990"
"06721000","SOUTH PLATTE RIVER AT FORT LUPTON, CO.","ST","USGS",-104.81858310,40.11609435,"https://waterdata.usgs.gov/nwis/inventory?agency_code=USGS&site_no=06721000"
"06724970","LEFT HAND CREEK AT HOVER ROAD NEAR LONGMONT, CO","ST","USGS",-105.13081940,40.13427778,"https://waterdata.usgs.gov/nwis/inventory?agency_code=USGS&site_no=06724970"
"06727410","FOURMILE CREEK AT LOGAN MILL ROAD NEAR CRISMAN, CO","ST","USGS",-105.36491670,40.04202778,"https://waterdata.usgs.gov/nwis/inventory?agency_code=USGS&site_no=06727410"
"06727500","FOURMILE CREEK AT ORODELL, CO","ST","USGS",-105.32625000,40.01866667,"https://waterdata.usgs.gov/nwis/inventory?agency_code=USGS&site_no=06727500"
"06730160","FOURMILE CANYON CREEK NEAR SUNSHINE, CO","ST","USGS",-105.34877780,40.05761110,"https://waterdata.usgs.gov/nwis/inventory?agency_code=USGS&site_no=06730160"
"06730200","BOULDER CREEK AT NORTH 75TH ST. NEAR BOULDER, CO","ST","USGS",-105.17887540,40.05165184,"https://waterdata.usgs.gov/nwis/inventory?agency_code=USGS&site_no=06730200"
"06730500","BOULDER CREEK AT MOUTH NEAR LONGMONT, CO","ST","USGS",-105.02022220,40.13877778,"https://waterdata.usgs.gov/nwis/inventory?agency_code=USGS&site_no=06730500"
"06730525","ST VRAIN CR BLW BOULDER CR AT HWY 119 NR LONGMONT","ST","USGS",-105.00793610,40.16046667,"https://waterdata.usgs.gov/nwis/inventory?agency_code=USGS&site_no=06730525"
"06741510","BIG THOMPSON RIVER AT LOVELAND, CO.","ST","USGS",-105.06109090,40.37859460,"https://waterdata.usgs.gov/nwis/inventory?agency_code=USGS&site_no=06741510"
"06746095","JOE WRIGHT CREEK ABOVE JOE WRIGHT RESERVOIR, CO","ST","USGS",-105.88279000,40.53998220,"https://waterdata.usgs.gov/nwis/inventory?agency_code=USGS&site_no=06746095"
"06746110","JOE WRIGHT CREEK BELOW JOE WRIGHT RESERVOIR, CO","ST","USGS",-105.86390000,40.56192640,"https://waterdata.usgs.gov/nwis/inventory?agency_code=USGS&site_no=06746110"
"06751150","N FK CACHE LA POUDRE R BLW HALLIGAN RES NR VA DALE","ST","USGS",-105.33804110,40.87831637,"https://waterdata.usgs.gov/nwis/inventory?agency_code=USGS&site_no=06751150"
"06751490","NORTH FORK CACHE LA POUDRE RIVER AT LIVERMORE, CO","ST","USGS",-105.25220470,40.78748150,"https://waterdata.usgs.gov/nwis/inventory?agency_code=USGS&site_no=06751490"
"06752260","CACHE LA POUDRE RIVER AT FORT COLLINS, CO","ST","USGS",-105.06922220,40.58808330,"https://waterdata.usgs.gov/nwis/inventory?agency_code=USGS&site_no=06752260"
"06752280","CACHE LA POUDRE RIV AB BOXELDER CRK NR TIMNATH, CO","ST","USGS",-105.01136500,40.55192690,"https://waterdata.usgs.gov/nwis/inventory?agency_code=USGS&site_no=06752280"
"06759500","SOUTH PLATTE RIVER AT FORT MORGAN, CO","ST","USGS",-103.80119170,40.26840278,"https://waterdata.usgs.gov/nwis/inventory?agency_code=USGS&site_no=06759500"
"07079300","EF ARKANSAS R AT US HIGHWAY 24, NR LEADVILLE, CO.","ST","USGS",-106.30641330,39.27248920,"https://waterdata.usgs.gov/nwis/inventory?agency_code=USGS&site_no=07079300"
"07081200","ARKANSAS RIVER NEAR LEADVILLE, CO","ST","USGS",-106.34811110,39.24900000,"https://waterdata.usgs.gov/nwis/inventory?agency_code=USGS&site_no=07081200"
"07083000","HALFMOON CREEK NEAR MALTA, CO","ST","USGS",-106.38919260,39.17221259,"https://waterdata.usgs.gov/nwis/inventory?agency_code=USGS&site_no=07083000"
"07083200","HALFMOON CR BL HALFMOON DIVERSION NR LEADVILLE, CO","ST","USGS",-106.38336110,39.18572220,"https://waterdata.usgs.gov/nwis/inventory?agency_code=USGS&site_no=07083200"
"07083710","ARKANSAS RIVER BELOW EMPIRE GULCH NEAR MALTA, CO","ST","USGS",-106.32002400,39.16387980,"https://waterdata.usgs.gov/nwis/inventory?agency_code=USGS&site_no=07083710"
"07087050","ARKANSAS RIVER BELOW GRANITE, CO","ST","USGS",-106.21398330,38.97693889,"https://waterdata.usgs.gov/nwis/inventory?agency_code=USGS&site_no=07087050"
"07091200","ARKANSAS RIVER NEAR NATHROP, CO","ST","USGS",-106.05112600,38.65221880,"https://waterdata.usgs.gov/nwis/inventory?agency_code=USGS&site_no=07091200"
"07094500","ARKANSAS RIVER AT PARKDALE, CO.","ST","USGS",-105.37360400,38.48721890,"https://waterdata.usgs.gov/nwis/inventory?agency_code=USGS&site_no=07094500"
"07096250","FOURMILE CREEK BELOW CRIPPLE CREEK NEAR VICTOR, CO","ST","USGS",-105.22804100,38.66388094,"https://waterdata.usgs.gov/nwis/inventory?agency_code=USGS&site_no=07096250"
"07099050","BEAVER CR ABV UPPER BEAVER CEMETERY NR PENROSE, CO","ST","USGS",-105.02192570,38.56166228,"https://waterdata.usgs.gov/nwis/inventory?agency_code=USGS&site_no=07099050"
"07099060","BEAVER CREEK ABOVE HIGHWAY 115 NEAR PENROSE, CO","ST","USGS",-104.99748320,38.48916580,"https://waterdata.usgs.gov/nwis/inventory?agency_code=USGS&site_no=07099060"
"07099085","RED CREEK ABOVE SALT CANYON AT FORT CARSON, CO","ST","USGS",-104.94055560,38.47897220,"https://waterdata.usgs.gov/nwis/inventory?agency_code=USGS&site_no=07099085"
"07099230","TURKEY CREEK AB TELLER RES NEAR STONE CITY, CO.","ST","USGS",-104.82720090,38.46499989,"https://waterdata.usgs.gov/nwis/inventory?agency_code=USGS&site_no=07099230"
"07099238","TELLER RESERVOIR SPILLWAY NEAR STONE CITY, CO","ST","USGS",-104.82083330,38.43888889,"https://waterdata.usgs.gov/nwis/inventory?agency_code=USGS&site_no=07099238"
"07099970","ARKANSAS RIVER AT MOFFAT STREET AT PUEBLO, CO","ST","USGS",-104.60608540,38.25361396,"https://waterdata.usgs.gov/nwis/inventory?agency_code=USGS&site_no=07099970"
"07099973","ARKANSAS RIVER TRIBUTARY ABOVE HWY 227 AT PUEBLO","ST","USGS",-104.59583330,38.25388889,"https://waterdata.usgs.gov/nwis/inventory?agency_code=USGS&site_no=07099973"
"07100750","WALDO CANYON ABV MOUTH NEAR MANITOU SPRINGS, CO","ST","USGS",-104.93569440,38.88811110,"https://waterdata.usgs.gov/nwis/inventory?agency_code=USGS&site_no=07100750"
"07103100","WILLIAMS CANYON ABV MOUTH NEAR MANITOU SPRINGS, CO","ST","USGS",-104.91882500,38.88880278,"https://waterdata.usgs.gov/nwis/inventory?agency_code=USGS&site_no=07103100"
"07103700","FOUNTAIN CREEK NEAR COLORADO SPRINGS, CO.","ST","USGS",-104.87803140,38.85471357,"https://waterdata.usgs.gov/nwis/inventory?agency_code=USGS&site_no=07103700"
"07103703","CAMP CREEK AT GARDEN OF THE GODS, CO","ST","USGS",-104.87275430,38.87693609,"https://waterdata.usgs.gov/nwis/inventory?agency_code=USGS&site_no=07103703"
"07103780","MONUMENT C AB N.GATE BLVD AT USAF ACADEMY, CO.","ST","USGS",-104.84661110,39.03102778,"https://waterdata.usgs.gov/nwis/inventory?agency_code=USGS&site_no=07103780"
"07103784","GOAT CAMP CREEK ABV RESERVOIR NO. 4 AT USAFA, CO","ST","USGS",-104.89810000,39.00888889,"https://waterdata.usgs.gov/nwis/inventory?agency_code=USGS&site_no=07103784"
"07103791","LEHMAN RUN BLW STADIUM BLVD AT USAFA, CO","ST","USGS",-104.83784170,39.00007778,"https://waterdata.usgs.gov/nwis/inventory?agency_code=USGS&site_no=07103791"
"07103792","RESERVOIR NO. 1 SPILLWAY AT HUSTED RD AT USAFA, CO","ST","USGS",-104.83401110,39.00123330,"https://waterdata.usgs.gov/nwis/inventory?agency_code=USGS&site_no=07103792"
"07103797","WEST MONUMENT CREEK BELOW RAMPART RESERVOIR, CO","ST","USGS",-104.95553740,38.97499176,"https://waterdata.usgs.gov/nwis/inventory?agency_code=USGS&site_no=07103797"
"07103800","WEST MONUMENT CREEK AT U.S. AIR FORCE ACADEMY, CO","ST","USGS",-104.90275800,38.97054766,"https://waterdata.usgs.gov/nwis/inventory?agency_code=USGS&site_no=07103800"
"07103965","PINE CREEK ABV BRIARGATE PKWY,ABV COLO SPRINGS, CO","ST","USGS",-104.79401670,38.96750278,"https://waterdata.usgs.gov/nwis/inventory?agency_code=USGS&site_no=07103965"
"07103970","MONUMENT CR ABV WOODMEN RD AT COLORADO SPRINGS, CO","ST","USGS",-104.81719920,38.93388170,"https://waterdata.usgs.gov/nwis/inventory?agency_code=USGS&site_no=07103970"
"07103980","COTTONWOOD CREEK AT WOODMEN RD NR COLO SPRINGS, CO","ST","USGS",-104.74108630,38.93943809,"https://waterdata.usgs.gov/nwis/inventory?agency_code=USGS&site_no=07103980"
"07103987","COTTONWOOD CK AT UNION BLVD, AT COLO SPRINGS, CO","ST","USGS",-104.77615000,38.93036110,"https://waterdata.usgs.gov/nwis/inventory?agency_code=USGS&site_no=07103987"
"07103990","COTTONWOOD CREEK AT MOUTH AT PIKEVIEW, CO","ST","USGS",-104.81416670,38.92722220,"https://waterdata.usgs.gov/nwis/inventory?agency_code=USGS&site_no=07103990"
"07104000","MONUMENT CREEK AT PIKEVIEW, CO.","ST","USGS",-104.81858770,38.91777057,"https://waterdata.usgs.gov/nwis/inventory?agency_code=USGS&site_no=07104000"
"07104905","MONUMENT CREEK AT BIJOU ST. AT COLO. SPRINGS, CO","ST","USGS",-104.82941920,38.83721474,"https://waterdata.usgs.gov/nwis/inventory?agency_code=USGS&site_no=07104905"
"07105000","BEAR CREEK NEAR COLORADO SPRINGS, CO","ST","USGS",-104.88858600,38.82249078,"https://waterdata.usgs.gov/nwis/inventory?agency_code=USGS&site_no=07105000"
"07105490","CHEYENNE CREEK AT EVANS AVE AT COLORADO SPRINGS,CO","ST","USGS",-104.86414040,38.79054685,"https://waterdata.usgs.gov/nwis/inventory?agency_code=USGS&site_no=07105490"
"07105500","FOUNTAIN CREEK AT COLORADO SPRINGS, CO","ST","USGS",-104.82275190,38.81638158,"https://waterdata.usgs.gov/nwis/inventory?agency_code=USGS&site_no=07105500"
"07105530","FOUNTAIN CR BLW JANITELL RD BLW COLO. SPRINGS, CO","ST","USGS",-104.79580690,38.80304910,"https://waterdata.usgs.gov/nwis/inventory?agency_code=USGS&site_no=07105530"
"07105600","SAND CREEK ABOVE MOUTH AT COLORADO SPRINGS, CO","ST","USGS",-104.77386200,38.78832768,"https://waterdata.usgs.gov/nwis/inventory?agency_code=USGS&site_no=07105600"
"07105780","B DITCH DRAIN NEAR SECURITY, CO.","ST-DCH","USGS",-104.76247230,38.75249500,"https://waterdata.usgs.gov/nwis/inventory?agency_code=USGS&site_no=07105780"
"07105800","FOUNTAIN CREEK AT SECURITY, CO","ST","USGS",-104.73386110,38.72944040,"https://waterdata.usgs.gov/nwis/inventory?agency_code=USGS&site_no=07105800"
"07105815","CLOVER DITCH DRAIN AT QUINN ST NR WIDEFIELD, CO","ST-DCH","USGS",-104.76763890,38.72972220,"https://waterdata.usgs.gov/nwis/inventory?agency_code=USGS&site_no=07105815"
"07105820","CLOVER DITCH DRAIN NEAR WIDEFIELD, CO.","ST-DCH","USGS",-104.72913900,38.71860726,"https://waterdata.usgs.gov/nwis/inventory?agency_code=USGS&site_no=07105820"
"07105900","JIMMY CAMP CREEK AT FOUNTAIN, CO.","ST","USGS",-104.68858300,38.68444130,"https://waterdata.usgs.gov/nwis/inventory?agency_code=USGS&site_no=07105900"
"07105940","LITTLE FOUNTAIN CREEK NEAR FOUNTAIN, CO","ST","USGS",-104.74838330,38.64265000,"https://waterdata.usgs.gov/nwis/inventory?agency_code=USGS&site_no=07105940"
"07106000","FOUNTAIN CREEK NEAR FOUNTAIN, CO.","ST","USGS",-104.67025030,38.60166470,"https://waterdata.usgs.gov/nwis/inventory?agency_code=USGS&site_no=07106000"
"07106300","FOUNTAIN CREEK NEAR PINON, CO","ST","USGS",-104.59805560,38.42944444,"https://waterdata.usgs.gov/nwis/inventory?agency_code=USGS&site_no=07106300"
"07106500","FOUNTAIN CREEK AT PUEBLO, CO.","ST","USGS",-104.60108490,38.28778010,"https://waterdata.usgs.gov/nwis/inventory?agency_code=USGS&site_no=07106500"
"07108900","ST. CHARLES RIVER AT VINELAND, CO.","ST","USGS",-104.48635970,38.24555835,"https://waterdata.usgs.gov/nwis/inventory?agency_code=USGS&site_no=07108900"
"07109500","ARKANSAS RIVER NEAR AVONDALE, CO.","ST","USGS",-104.39913560,38.24805799,"https://waterdata.usgs.gov/nwis/inventory?agency_code=USGS&site_no=07109500"
"07116500","HUERFANO RIVER NEAR BOONE, CO.","ST","USGS",-104.26079960,38.22500240,"https://waterdata.usgs.gov/nwis/inventory?agency_code=USGS&site_no=07116500"
"07119500","APISHAPA RIVER NEAR FOWLER, CO","ST","USGS",-103.96761110,38.10850000,"https://waterdata.usgs.gov/nwis/inventory?agency_code=USGS&site_no=07119500"
"07121500","TIMPAS CREEK AT MOUTH NEAR SWINK, CO.","ST","USGS",-103.65605880,38.00306440,"https://waterdata.usgs.gov/nwis/inventory?agency_code=USGS&site_no=07121500"
"07124000","ARKANSAS RIVER AT LAS ANIMAS, CO.","ST","USGS",-103.21965230,38.08083990,"https://waterdata.usgs.gov/nwis/inventory?agency_code=USGS&site_no=07124000"
"07124200","PURGATOIRE RIVER AT MADRID, CO.","ST","USGS",-104.63998880,37.12946459,"https://waterdata.usgs.gov/nwis/inventory?agency_code=USGS&site_no=07124200"
"07124410","PURGATOIRE RIVER BELOW TRINIDAD LAKE, CO.","ST","USGS",-104.54776440,37.14390846,"https://waterdata.usgs.gov/nwis/inventory?agency_code=USGS&site_no=07124410"
"07126200","VAN BREMER ARROYO NEAR MODEL, CO","ST","USGS",-103.95801860,37.34557255,"https://waterdata.usgs.gov/nwis/inventory?agency_code=USGS&site_no=07126200"
"07126300","PURGATOIRE RIVER NEAR THATCHER, CO.","ST","USGS",-103.90023830,37.35640590,"https://waterdata.usgs.gov/nwis/inventory?agency_code=USGS&site_no=07126300"
"07126325","TAYLOR ARROYO BL ROCK CROSSING, NR THATCHER, CO.","ST","USGS",-103.92023820,37.42418269,"https://waterdata.usgs.gov/nwis/inventory?agency_code=USGS&site_no=07126325"
"07126390","LOCKWOOD CANYON CREEK NEAR THATCHER, CO","ST","USGS",-103.82801140,37.49279316,"https://waterdata.usgs.gov/nwis/inventory?agency_code=USGS&site_no=07126390"
"07126480","BENT CANYON CREEK AT MOUTH NEAR TIMPAS, CO","ST","USGS",-103.64828150,37.58918109,"https://waterdata.usgs.gov/nwis/inventory?agency_code=USGS&site_no=07126480"
"07126485","PURGATOIRE RIVER AT ROCK CROSSING NR TIMPAS, CO.","ST","USGS",-103.59355700,37.61834740,"https://waterdata.usgs.gov/nwis/inventory?agency_code=USGS&site_no=07126485"
"07128500","PURGATOIRE RIVER NEAR LAS ANIMAS, CO","ST","USGS",-103.20141670,38.03422220,"https://waterdata.usgs.gov/nwis/inventory?agency_code=USGS&site_no=07128500"
"07130500","ARKANSAS RIVER BELOW JOHN MARTIN RESERVOIR, CO.","ST","USGS",-102.93242280,38.06639635,"https://waterdata.usgs.gov/nwis/inventory?agency_code=USGS&site_no=07130500"
"07133000","ARKANSAS RIVER AT LAMAR, CO","ST","USGS",-102.61820560,38.10579167,"https://waterdata.usgs.gov/nwis/inventory?agency_code=USGS&site_no=07133000"
"07134100","BIG SANDY CREEK NEAR LAMAR, CO.","ST","USGS",-102.48380230,38.11417565,"https://waterdata.usgs.gov/nwis/inventory?agency_code=USGS&site_no=07134100"
"07134180","ARKANSAS RIVER NEAR GRANADA, CO.","ST","USGS",-102.31074530,38.09556490,"https://waterdata.usgs.gov/nwis/inventory?agency_code=USGS&site_no=07134180"
"07134990","WILD HORSE CREEK ABOVE HOLLY, CO","ST","USGS",-102.13847220,38.05702778,"https://waterdata.usgs.gov/nwis/inventory?agency_code=USGS&site_no=07134990"
"07137000","FRONTIER DITCH NR COOLIDGE, KS","ST-DCH","USGS",-102.03907140,38.03834599,"https://waterdata.usgs.gov/nwis/inventory?agency_code=USGS&site_no=07137000"
"07137500","ARKANSAS R NR COOLIDGE, KS","ST","USGS",-102.01157060,38.02751290,"https://waterdata.usgs.gov/nwis/inventory?agency_code=USGS&site_no=07137500"
"09010500","COLORADO RIVER BELOW BAKER GULCH NR GRAND LAKE, CO","ST","USGS",-105.85667910,40.32581784,"https://waterdata.usgs.gov/nwis/inventory?agency_code=USGS&site_no=09010500"
"09014050","GRAND LAKE OUTLET BLW CHIPMUNK LN AT GRAND LK, CO","ST","USGS",-105.82883330,40.24611110,"https://waterdata.usgs.gov/nwis/inventory?agency_code=USGS&site_no=09014050"
"09015000","COLORADO RIVER BL SHADOW MOUNTAIN RESERVOIR, CO.","ST","USGS",-105.83756110,40.20519444,"https://waterdata.usgs.gov/nwis/inventory?agency_code=USGS&site_no=09015000"
"09019500","COLORADO RIVER NEAR GRANBY, CO","ST","USGS",-105.90056940,40.12081915,"https://waterdata.usgs.gov/nwis/inventory?agency_code=USGS&site_no=09019500"
"09021000","WILLOW CREEK BELOW WILLOW CREEK RESERVOIR, CO.","ST","USGS",-105.94001560,40.14581899,"https://waterdata.usgs.gov/nwis/inventory?agency_code=USGS&site_no=09021000"
"09022000","FRASER RIVER AT UPPER STA, NEAR WINTER PARK, CO.","ST","USGS",-105.75195070,39.84582040,"https://waterdata.usgs.gov/nwis/inventory?agency_code=USGS&site_no=09022000"
"09024000","FRASER RIVER AT WINTER PARK, CO.","ST","USGS",-105.77667410,39.89998695,"https://waterdata.usgs.gov/nwis/inventory?agency_code=USGS&site_no=09024000"
"09025000","VASQUEZ CREEK AT WINTER PARK, CO","ST","USGS",-105.78528570,39.92026468,"https://waterdata.usgs.gov/nwis/inventory?agency_code=USGS&site_no=09025000"
"09025300","ELK CREEK AT UPPER STATION, NEAR FRASER, CO","ST","USGS",-105.83250980,39.88943120,"https://waterdata.usgs.gov/nwis/inventory?agency_code=USGS&site_no=09025300"
"09026500","ST. LOUIS CREEK NEAR FRASER, CO.","ST","USGS",-105.87834510,39.90998657,"https://waterdata.usgs.gov/nwis/inventory?agency_code=USGS&site_no=09026500"
"09027100","FRASER RIVER AT TABERNASH, CO","ST","USGS",-105.82977780,39.99033330,"https://waterdata.usgs.gov/nwis/inventory?agency_code=USGS&site_no=09027100"
"09031600","VASQUEZ DIVERSION 3 NR WINTER PARK, CO","ST","USGS",-105.81964720,39.86610556,"https://waterdata.usgs.gov/nwis/inventory?agency_code=USGS&site_no=09031600"
"09031700","VASQUEZ DIVERSION 2 NR WINTER PARK, CO","ST","USGS",-105.81176940,39.88914720,"https://waterdata.usgs.gov/nwis/inventory?agency_code=USGS&site_no=09031700"
"09032000","RANCH CREEK NEAR FRASER, CO.","ST","USGS",-105.76556270,39.94998694,"https://waterdata.usgs.gov/nwis/inventory?agency_code=USGS&site_no=09032000"
"09032100","CABIN CREEK NEAR FRASER, CO.","ST","USGS",-105.74500640,39.98582030,"https://waterdata.usgs.gov/nwis/inventory?agency_code=USGS&site_no=09032100"
"09033100","RANCH CREEK BLW MEADOW CR NR TABERNASH, CO","ST","USGS",-105.82655830,39.99908610,"https://waterdata.usgs.gov/nwis/inventory?agency_code=USGS&site_no=09033100"
"09033300","FRASER RIVER BLW CROOKED CR AT TABERNASH CO","ST","USGS",-105.84827220,40.00689167,"https://waterdata.usgs.gov/nwis/inventory?agency_code=USGS&site_no=09033300"
"09034250","COLORADO RIVER AT WINDY GAP, NEAR GRANBY, CO.","ST","USGS",-106.00418470,40.10831900,"https://waterdata.usgs.gov/nwis/inventory?agency_code=USGS&site_no=09034250"
"09034900","BOBTAIL CREEK NEAR JONES PASS, CO","ST","USGS",-105.90640140,39.76026447,"https://waterdata.usgs.gov/nwis/inventory?agency_code=USGS&site_no=09034900"
"09035500","WILLIAMS FORK BELOW STEELMAN CREEK, CO.","ST","USGS",-105.92834690,39.77887549,"https://waterdata.usgs.gov/nwis/inventory?agency_code=USGS&site_no=09035500"
"09035700","WILLIAMS FORK ABOVE DARLING CREEK, NEAR LEAL, CO","ST","USGS",-106.02563890,39.79719444,"https://waterdata.usgs.gov/nwis/inventory?agency_code=USGS&site_no=09035700"
"09035900","SOUTH FORK OF WILLIAMS FORK NEAR LEAL, CO","ST","USGS",-106.03057340,39.79581958,"https://waterdata.usgs.gov/nwis/inventory?agency_code=USGS&site_no=09035900"
"09036000","WILLIAMS FORK NEAR LEAL, CO.","ST","USGS",-106.05640790,39.83387500,"https://waterdata.usgs.gov/nwis/inventory?agency_code=USGS&site_no=09036000"
"09037500","WILLIAMS FORK NEAR PARSHALL, CO","ST","USGS",-106.18036670,40.00020000,"https://waterdata.usgs.gov/nwis/inventory?agency_code=USGS&site_no=09037500"
"09038500","WILLIAMS FORK BELOW WILLIAMS FORK RESERVOIR, CO","ST","USGS",-106.20501390,40.03592778,"https://waterdata.usgs.gov/nwis/inventory?agency_code=USGS&site_no=09038500"
"09040500","TROUBLESOME CREEK NEAR TROUBLESOME, CO.","ST","USGS",-106.30517780,40.05866389,"https://waterdata.usgs.gov/nwis/inventory?agency_code=USGS&site_no=09040500"
"09041090","MUDDY CREEK ABOVE ANTELOPE CREEK NR. KREMMLING, CO","ST","USGS",-106.42253350,40.20248440,"https://waterdata.usgs.gov/nwis/inventory?agency_code=USGS&site_no=09041090"
"09041400","MUDDY CRK BLW WOLFORD MTN RESER. NR KREMMLING, CO","ST","USGS",-106.41392120,40.10859628,"https://waterdata.usgs.gov/nwis/inventory?agency_code=USGS&site_no=09041400"
"09041900","MONTE CRISTO DIVERSION NEAR HOOSIER PASS, CO","ST","USGS",-106.07140820,39.38082156,"https://waterdata.usgs.gov/nwis/inventory?agency_code=USGS&site_no=09041900"
"09044300","BEMROSE-HOOSIER DIVERSION NEAR HOOSIER PASS, CO","ST","USGS",-106.07085260,39.38054378,"https://waterdata.usgs.gov/nwis/inventory?agency_code=USGS&site_no=09044300"
"09044800","MCCULLOUGH-SP-CRYS-DIVERSION NEAR HOOSIER PASS, CO","ST","USGS",-106.07113040,39.38082156,"https://waterdata.usgs.gov/nwis/inventory?agency_code=USGS&site_no=09044800"
"09046490","BLUE RIVER AT BLUE RIVER, CO.","ST","USGS",-106.03168490,39.45582067,"https://waterdata.usgs.gov/nwis/inventory?agency_code=USGS&site_no=09046490"
"09046600","BLUE RIVER NEAR DILLON, CO","ST","USGS",-106.04946320,39.56665329,"https://waterdata.usgs.gov/nwis/inventory?agency_code=USGS&site_no=09046600"
"09047500","SNAKE RIVER NEAR MONTEZUMA, CO","ST","USGS",-105.94313060,39.60536110,"https://waterdata.usgs.gov/nwis/inventory?agency_code=USGS&site_no=09047500"
"09047700","KEYSTONE GULCH NEAR DILLON, CO.","ST","USGS",-105.97251580,39.59443117,"https://waterdata.usgs.gov/nwis/inventory?agency_code=USGS&site_no=09047700"
"09050100","TENMILE CREEK BL NORTH TENMILE C, AT FRISCO, CO.","ST","USGS",-106.11057650,39.57526424,"https://waterdata.usgs.gov/nwis/inventory?agency_code=USGS&site_no=09050100"
"09050700","BLUE RIVER BELOW DILLON, CO.","ST","USGS",-106.06640820,39.62554200,"https://waterdata.usgs.gov/nwis/inventory?agency_code=USGS&site_no=09050700"
"09051050","STRAIGHT CR BLW LASKEY GULCH NR DILLON, CO","ST","USGS",-106.04029600,39.63970870,"https://waterdata.usgs.gov/nwis/inventory?agency_code=USGS&site_no=09051050"
"09056500","ELLIOTT CREEK FEEDER CANAL TO GREEN MTN RES, CO","ST-CA","USGS",-106.33059720,39.87372500,"https://waterdata.usgs.gov/nwis/inventory?agency_code=USGS&site_no=09056500"
"09057500","BLUE RIVER BELOW GREEN MOUNTAIN RESERVOIR, CO","ST","USGS",-106.33391750,39.88026354,"https://waterdata.usgs.gov/nwis/inventory?agency_code=USGS&site_no=09057500"
"09058000","COLORADO RIVER NEAR KREMMLING, CO","ST","USGS",-106.44003240,40.03665248,"https://waterdata.usgs.gov/nwis/inventory?agency_code=USGS&site_no=09058000"
"09058500","PINEY RIVER BELOW PINEY LAKE, NEAR MINTURN, CO.","ST","USGS",-106.42669680,39.70804158,"https://waterdata.usgs.gov/nwis/inventory?agency_code=USGS&site_no=09058500"
"09059500","PINEY RIVER NEAR STATE BRIDGE, CO","ST","USGS",-106.57434720,39.79572220,"https://waterdata.usgs.gov/nwis/inventory?agency_code=USGS&site_no=09059500"
"09060799","COLORADO RIVER AT CATAMOUNT BRIDGE, CO","ST","USGS",-106.83169440,39.89110000,"https://waterdata.usgs.gov/nwis/inventory?agency_code=USGS&site_no=09060799"
"09061600","EAST FORK EAGLE RIVER NEAR CLIMAX, CO","ST","USGS",-106.24974680,39.41026540,"https://waterdata.usgs.gov/nwis/inventory?agency_code=USGS&site_no=09061600"
"09063000","EAGLE RIVER AT RED CLIFF, CO.","ST","USGS",-106.36669480,39.50831949,"https://waterdata.usgs.gov/nwis/inventory?agency_code=USGS&site_no=09063000"
"09063900","MISSOURI CREEK NEAR GOLD PARK, CO.","ST","USGS",-106.47002940,39.39026486,"https://waterdata.usgs.gov/nwis/inventory?agency_code=USGS&site_no=09063900"
"09064000","HOMESTAKE CREEK AT GOLD PARK, CO.","ST","USGS",-106.43336200,39.40554260,"https://waterdata.usgs.gov/nwis/inventory?agency_code=USGS&site_no=09064000"
"09064600","EAGLE RIVER NEAR MINTURN, CO","ST","USGS",-106.40252900,39.55387495,"https://waterdata.usgs.gov/nwis/inventory?agency_code=USGS&site_no=09064600"
"09065100","CROSS CREEK NEAR MINTURN, CO","ST","USGS",-106.41243060,39.56829167,"https://waterdata.usgs.gov/nwis/inventory?agency_code=USGS&site_no=09065100"
"09065500","GORE CREEK AT UPPER STATION, NEAR MINTURN, CO.","ST","USGS",-106.27808230,39.62581930,"https://waterdata.usgs.gov/nwis/inventory?agency_code=USGS&site_no=09065500"
"09066000","BLACK GORE CREEK NEAR MINTURN, CO.","ST","USGS",-106.26502640,39.59637495,"https://waterdata.usgs.gov/nwis/inventory?agency_code=USGS&site_no=09066000"
"09066200","BOOTH CREEK NEAR MINTURN, CO.","ST","USGS",-106.32308330,39.64831927,"https://waterdata.usgs.gov/nwis/inventory?agency_code=USGS&site_no=09066200"
"09066300","MIDDLE CREEK NEAR MINTURN, CO.","ST","USGS",-106.38225120,39.64581930,"https://waterdata.usgs.gov/nwis/inventory?agency_code=USGS&site_no=09066300"
"09066325","GORE CREEK ABV RED SANDSTONE CREEK AT VAIL, CO","ST","USGS",-106.39475150,39.64109710,"https://waterdata.usgs.gov/nwis/inventory?agency_code=USGS&site_no=09066325"
"09066510","GORE CREEK AT MOUTH NEAR MINTURN, CO","ST","USGS",-106.44780800,39.60943048,"https://waterdata.usgs.gov/nwis/inventory?agency_code=USGS&site_no=09066510"
"09067000","BEAVER CREEK AT AVON, CO","ST","USGS",-106.52280960,39.62970826,"https://waterdata.usgs.gov/nwis/inventory?agency_code=USGS&site_no=09067000"
"09067020","EAGLE R BLW WASTEWATER TREATMENT PLANT AT AVON, CO","ST","USGS",-106.53194440,39.63486110,"https://waterdata.usgs.gov/nwis/inventory?agency_code=USGS&site_no=09067020"
"09067200","LAKE CREEK NEAR EDWARDS, CO","ST","USGS",-106.60920030,39.64748600,"https://waterdata.usgs.gov/nwis/inventory?agency_code=USGS&site_no=09067200"
"09070000","EAGLE RIVER BELOW GYPSUM, CO.","ST","USGS",-106.95365540,39.64942954,"https://waterdata.usgs.gov/nwis/inventory?agency_code=USGS&site_no=09070000"
"09070500","COLORADO RIVER NEAR DOTSERO, CO","ST","USGS",-107.07801390,39.64461110,"https://waterdata.usgs.gov/nwis/inventory?agency_code=USGS&site_no=09070500"
"09072550","ROARING FORK RIVER ABV LOST MAN CR NEAR ASPEN, CO","ST","USGS",-106.62391670,39.11936110,"https://waterdata.usgs.gov/nwis/inventory?agency_code=USGS&site_no=09072550"
"09073005","LINCOLN CREEK BELOW GRIZZLY RESERVOIR NR ASPEN, CO","ST","USGS",-106.61658330,39.08023610,"https://waterdata.usgs.gov/nwis/inventory?agency_code=USGS&site_no=09073005"
"09073300","ROARING FORK RIVER AB DIFFICULT C NR ASPEN, CO.","ST","USGS",-106.77420390,39.14109959,"https://waterdata.usgs.gov/nwis/inventory?agency_code=USGS&site_no=09073300"
"09073400","ROARING FORK RIVER NEAR ASPEN, CO.","ST","USGS",-106.80198260,39.17998755,"https://waterdata.usgs.gov/nwis/inventory?agency_code=USGS&site_no=09073400"
"09074500","HUNTER CREEK AT ASPEN, CO","ST","USGS",-106.81891670,39.19688889,"https://waterdata.usgs.gov/nwis/inventory?agency_code=USGS&site_no=09074500"
"09076000","MAROON CREEK NEAR ASPEN, CO.","ST","USGS",-106.88074720,39.16340830,"https://waterdata.usgs.gov/nwis/inventory?agency_code=USGS&site_no=09076000"
"09078141","NORTH CUNNINGHAM CREEK CONDUIT BYPASS NR NORRIE,CO","ST","USGS",-106.54421150,39.33596219,"https://waterdata.usgs.gov/nwis/inventory?agency_code=USGS&site_no=09078141"
"09078475","LAST CHANCE CREEK NEAR NORRIE, CO","ST","USGS",-106.65652780,39.34388889,"https://waterdata.usgs.gov/nwis/inventory?agency_code=USGS&site_no=09078475"
"09079450","LIME CREEK NEAR THOMASVILLE, CO","ST","USGS",-106.68524440,39.36041110,"https://waterdata.usgs.gov/nwis/inventory?agency_code=USGS&site_no=09079450"
"09080400","FRYINGPAN RIVER NEAR RUEDI, CO.","ST","USGS",-106.82559480,39.36554075,"https://waterdata.usgs.gov/nwis/inventory?agency_code=USGS&site_no=09080400"
"09081000","ROARING FORK RIVER NEAR EMMA, CO","ST","USGS",-107.08393670,39.37331729,"https://waterdata.usgs.gov/nwis/inventory?agency_code=USGS&site_no=09081000"
"09081600","CRYSTAL RIVER ABV AVALANCHE CRK, NEAR REDSTONE, CO","ST","USGS",-107.22750000,39.23263889,"https://waterdata.usgs.gov/nwis/inventory?agency_code=USGS&site_no=09081600"
"09085000","ROARING FORK RIVER AT GLENWOOD SPRINGS, CO.","ST","USGS",-107.32949840,39.54359307,"https://waterdata.usgs.gov/nwis/inventory?agency_code=USGS&site_no=09085000"
"09085100","COLORADO RIVER BELOW GLENWOOD SPRINGS, CO","ST","USGS",-107.33755400,39.55498190,"https://waterdata.usgs.gov/nwis/inventory?agency_code=USGS&site_no=09085100"
"09093500","PARACHUTE CREEK AT PARACHUTE, CO.","ST","USGS",-108.06069440,39.45344444,"https://waterdata.usgs.gov/nwis/inventory?agency_code=USGS&site_no=09093500"
"09095500","COLORADO RIVER NEAR CAMEO, CO.","ST","USGS",-108.26619460,39.23914630,"https://waterdata.usgs.gov/nwis/inventory?agency_code=USGS&site_no=09095500"
"09105000","PLATEAU CREEK NEAR CAMEO, CO","ST","USGS",-108.26833330,39.18361110,"https://waterdata.usgs.gov/nwis/inventory?agency_code=USGS&site_no=09105000"
"09106150","COLO RIVER BELOW GRAND VALLEY DIV NR PALISADE, CO","ST","USGS",-108.35508600,39.09859226,"https://waterdata.usgs.gov/nwis/inventory?agency_code=USGS&site_no=09106150"
"09107000","TAYLOR RIVER AT TAYLOR PARK, CO.","ST","USGS",-106.56669660,38.86027127,"https://waterdata.usgs.gov/nwis/inventory?agency_code=USGS&site_no=09107000"
"09107500","TEXAS CREEK AT TAYLOR PARK, CO","ST","USGS",-106.55463890,38.84694444,"https://waterdata.usgs.gov/nwis/inventory?agency_code=USGS&site_no=09107500"
"09108250","WILLOW CREEK ABOVE TAYLOR PARK RESERVOIR, CO.","ST","USGS",-106.56075000,38.81793610,"https://waterdata.usgs.gov/nwis/inventory?agency_code=USGS&site_no=09108250"
"09109000","TAYLOR RIVER BELOW TAYLOR PARK RESERVOIR, CO.","ST","USGS",-106.60919770,38.81832690,"https://waterdata.usgs.gov/nwis/inventory?agency_code=USGS&site_no=09109000"
"09110000","TAYLOR RIVER AT ALMONT, CO.","ST","USGS",-106.84531720,38.66443715,"https://waterdata.usgs.gov/nwis/inventory?agency_code=USGS&site_no=09110000"
"09111250","COAL CREEK ABV MCCORMICK DTCH AT CRESTED BUTTE, CO","ST","USGS",-106.98529720,38.87155556,"https://waterdata.usgs.gov/nwis/inventory?agency_code=USGS&site_no=09111250"
"09112200","EAST RIVER BELOW CEMENT CREEK NR CRESTED BUTTE, CO","ST","USGS",-106.87087360,38.78415990,"https://waterdata.usgs.gov/nwis/inventory?agency_code=USGS&site_no=09112200"
"09112500","EAST RIVER AT ALMONT, CO","ST","USGS",-106.84809500,38.66443715,"https://waterdata.usgs.gov/nwis/inventory?agency_code=USGS&site_no=09112500"
"09113980","OHIO CREEK ABOVE MOUTH NR GUNNISON, CO","ST","USGS",-106.93143200,38.58776960,"https://waterdata.usgs.gov/nwis/inventory?agency_code=USGS&site_no=09113980"
"09114500","GUNNISON RIVER NEAR GUNNISON, CO.","ST","USGS",-106.94976610,38.54193567,"https://waterdata.usgs.gov/nwis/inventory?agency_code=USGS&site_no=09114500"
"09114520","GUNNISON RIVER AT GUNNISON WHITEWATER PARK, CO","ST","USGS",-106.94908610,38.53327220,"https://waterdata.usgs.gov/nwis/inventory?agency_code=USGS&site_no=09114520"
"09115500","TOMICHI CREEK AT SARGENTS, CO","ST","USGS",-106.42262500,38.39502778,"https://waterdata.usgs.gov/nwis/inventory?agency_code=USGS&site_no=09115500"
"09118450","COCHETOPA CREEK BELOW ROCK CREEK NEAR PARLIN, CO","ST","USGS",-106.77361110,38.33722220,"https://waterdata.usgs.gov/nwis/inventory?agency_code=USGS&site_no=09118450"
"09119000","TOMICHI CREEK AT GUNNISON, CO","ST","USGS",-106.94095830,38.52111110,"https://waterdata.usgs.gov/nwis/inventory?agency_code=USGS&site_no=09119000"
"09123450","LAKE FORK BLW LAKE SAN CRISTOBAL NR LAKE CITY, CO","ST","USGS",-107.29209720,37.98436110,"https://waterdata.usgs.gov/nwis/inventory?agency_code=USGS&site_no=09123450"
"09124500","LAKE FORK AT GATEVIEW, CO.","ST","USGS",-107.23005570,38.29888340,"https://waterdata.usgs.gov/nwis/inventory?agency_code=USGS&site_no=09124500"
"09126000","CIMARRON RIVER NEAR CIMARRON, CO","ST","USGS",-107.54611110,38.25819444,"https://waterdata.usgs.gov/nwis/inventory?agency_code=USGS&site_no=09126000"
"09127000","CIMARRON RIVER BLW SQUAW CREEK AT CIMARRON, CO","ST","USGS",-107.55522220,38.44694444,"https://waterdata.usgs.gov/nwis/inventory?agency_code=USGS&site_no=09127000"
"09128000","GUNNISON RIVER BELOW GUNNISON TUNNEL, CO","ST","USGS",-107.64894700,38.52915336,"https://waterdata.usgs.gov/nwis/inventory?agency_code=USGS&site_no=09128000"
"09129600","SMITH FORK NEAR LAZEAR, CO","ST","USGS",-107.71013890,38.70744444,"https://waterdata.usgs.gov/nwis/inventory?agency_code=USGS&site_no=09129600"
"09132095","ANTHRACITE CREEK ABOVE MOUTH NEAR SOMERSET","ST","USGS",-107.35833330,38.93722220,"https://waterdata.usgs.gov/nwis/inventory?agency_code=USGS&site_no=09132095"
"09132500","NORTH FORK GUNNISON RIVER NEAR SOMERSET, CO.","ST","USGS",-107.43422110,38.92582280,"https://waterdata.usgs.gov/nwis/inventory?agency_code=USGS&site_no=09132500"
"09134100","NORTH FORK GUNNISON RIVER BELOW PAONIA, CO","ST","USGS",-107.62194440,38.85750000,"https://waterdata.usgs.gov/nwis/inventory?agency_code=USGS&site_no=09134100"
"09136100","NORTH FK GUNNISON RIVER ABOVE MOUTH NR LAZEAR, CO","ST","USGS",-107.83341670,38.78516667,"https://waterdata.usgs.gov/nwis/inventory?agency_code=USGS&site_no=09136100"
"09143000","SURFACE CREEK NEAR CEDAREDGE, CO","ST","USGS",-107.85450770,38.98470340,"https://waterdata.usgs.gov/nwis/inventory?agency_code=USGS&site_no=09143000"
"09143500","SURFACE CREEK AT CEDAREDGE, CO.","ST","USGS",-107.92117600,38.90164870,"https://waterdata.usgs.gov/nwis/inventory?agency_code=USGS&site_no=09143500"
"09144250","GUNNISON RIVER AT DELTA, CO","ST","USGS",-108.07840300,38.75303944,"https://waterdata.usgs.gov/nwis/inventory?agency_code=USGS&site_no=09144250"
"09146020","UNCOMPAHGRE RIVER NEAR OURAY, CO","ST","USGS",-107.68311540,38.04332665,"https://waterdata.usgs.gov/nwis/inventory?agency_code=USGS&site_no=09146020"
"09146200","UNCOMPAHGRE RIVER NEAR RIDGWAY, CO.","ST","USGS",-107.74589240,38.18387910,"https://waterdata.usgs.gov/nwis/inventory?agency_code=USGS&site_no=09146200"
"09147000","DALLAS CREEK NEAR RIDGWAY, CO","ST","USGS",-107.75839270,38.17776806,"https://waterdata.usgs.gov/nwis/inventory?agency_code=USGS&site_no=09147000"
"09147025","UNCOMPAHGRE RIVER BELOW RIDGWAY RESERVOIR, CO","ST","USGS",-107.76030560,38.24055556,"https://waterdata.usgs.gov/nwis/inventory?agency_code=USGS&site_no=09147025"
"09147500","UNCOMPAHGRE RIVER AT COLONA, CO","ST","USGS",-107.77922500,38.33143056,"https://waterdata.usgs.gov/nwis/inventory?agency_code=USGS&site_no=09147500"
"09149500","UNCOMPAHGRE RIVER AT DELTA, CO","ST","USGS",-108.08041670,38.74194444,"https://waterdata.usgs.gov/nwis/inventory?agency_code=USGS&site_no=09149500"
"09151500","ESCALANTE CREEK NEAR DELTA, CO.","ST","USGS",-108.25983330,38.75694444,"https://waterdata.usgs.gov/nwis/inventory?agency_code=USGS&site_no=09151500"
"09152500","GUNNISON RIVER NEAR GRAND JUNCTION, CO.","ST","USGS",-108.45064460,38.98331575,"https://waterdata.usgs.gov/nwis/inventory?agency_code=USGS&site_no=09152500"
"09163492","SALT CREEK NEAR MOUTH NEAR MACK, CO.","ST","USGS",-108.90116670,39.21463889,"https://waterdata.usgs.gov/nwis/inventory?agency_code=USGS&site_no=09163492"
"09163500","COLORADO RIVER NEAR COLORADO-UTAH STATE LINE","ST","USGS",-109.02705460,39.13276047,"https://waterdata.usgs.gov/nwis/inventory?agency_code=USGS&site_no=09163500"
"09165000","DOLORES RIVER BELOW RICO, CO.","ST","USGS",-108.06035170,37.63888428,"https://waterdata.usgs.gov/nwis/inventory?agency_code=USGS&site_no=09165000"
"09166500","DOLORES RIVER AT DOLORES, CO.","ST","USGS",-108.49759080,37.47249296,"https://waterdata.usgs.gov/nwis/inventory?agency_code=USGS&site_no=09166500"
"09166950","LOST CANYON CREEK NEAR DOLORES, CO.","ST","USGS",-108.46925620,37.44610459,"https://waterdata.usgs.gov/nwis/inventory?agency_code=USGS&site_no=09166950"
"09168730","DOLORES RIVER NEAR SLICK ROCK, CO","ST","USGS",-108.90538200,38.04443666,"https://waterdata.usgs.gov/nwis/inventory?agency_code=USGS&site_no=09168730"
"09169500","DOLORES RIVER AT BEDROCK, CO","ST","USGS",-108.88538050,38.31026750,"https://waterdata.usgs.gov/nwis/inventory?agency_code=USGS&site_no=09169500"
"09171100","DOLORES RIVER NEAR BEDROCK, CO.","ST","USGS",-108.83343470,38.35693370,"https://waterdata.usgs.gov/nwis/inventory?agency_code=USGS&site_no=09171100"
"09171240","LAKE FORK SAN MIGUEL RV ABV TROUT LAKE NR OPHIR CO","ST","USGS",-107.87911110,37.81783330,"https://waterdata.usgs.gov/nwis/inventory?agency_code=USGS&site_no=09171240"
"09171310","SOUTH FORK SAN MIGUEL RIVER NEAR OPHIR, CO","ST","USGS",-107.89444440,37.87311110,"https://waterdata.usgs.gov/nwis/inventory?agency_code=USGS&site_no=09171310"
"09172500","SAN MIGUEL RIVER NEAR PLACERVILLE, CO","ST","USGS",-108.11028890,38.03070556,"https://waterdata.usgs.gov/nwis/inventory?agency_code=USGS&site_no=09172500"
"09174600","SAN MIGUEL RIVER AT BROOKS BRIDGE NEAR NUCLA CO","ST","USGS",-108.50203430,38.24415710,"https://waterdata.usgs.gov/nwis/inventory?agency_code=USGS&site_no=09174600"
"09177000","SAN MIGUEL RIVER AT URAVAN, CO.","ST","USGS",-108.71287500,38.35721157,"https://waterdata.usgs.gov/nwis/inventory?agency_code=USGS&site_no=09177000"
"09179450","DOLORES RIVER NEAR GATEWAY, CO","ST","USGS",-108.96551940,38.66803889,"https://waterdata.usgs.gov/nwis/inventory?agency_code=USGS&site_no=09179450"
"09237450","YAMPA RIVER ABOVE STAGECOACH RESERVOIR, CO","ST","USGS",-106.89176670,40.26426110,"https://waterdata.usgs.gov/nwis/inventory?agency_code=USGS&site_no=09237450"
"09237500","YAMPA RIVER BELOW STAGECOACH RESERVOIR, CO","ST","USGS",-106.82905560,40.28654444,"https://waterdata.usgs.gov/nwis/inventory?agency_code=USGS&site_no=09237500"
"09238900","FISH CR AT UPPER STA NR STEAMBOAT SPRINGS, CO","ST","USGS",-106.78699260,40.47497750,"https://waterdata.usgs.gov/nwis/inventory?agency_code=USGS&site_no=09238900"
"09239500","YAMPA RIVER AT STEAMBOAT SPRINGS, CO","ST","USGS",-106.83243060,40.48298610,"https://waterdata.usgs.gov/nwis/inventory?agency_code=USGS&site_no=09239500"
"09240020","YAMPA RIVER BELOW SODA CREEK AT STEAMBOAT SPGS, CO","ST","USGS",-106.84152780,40.48922220,"https://waterdata.usgs.gov/nwis/inventory?agency_code=USGS&site_no=09240020"
"09242500","ELK RIVER NEAR MILNER, CO.","ST","USGS",-106.95394070,40.51469750,"https://waterdata.usgs.gov/nwis/inventory?agency_code=USGS&site_no=09242500"
"09244490","YAMPA RIVER ABOVE ELKHEAD CREEK NEAR HAYDEN, CO","ST","USGS",-107.39894440,40.51793056,"https://waterdata.usgs.gov/nwis/inventory?agency_code=USGS&site_no=09244490"
"09246200","ELKHEAD CREEK ABOVE LONG GULCH, NEAR HAYDEN, CO","ST","USGS",-107.32089330,40.59163879,"https://waterdata.usgs.gov/nwis/inventory?agency_code=USGS&site_no=09246200"
"09246500","ELKHEAD CREEK NEAR CRAIG, CO","ST","USGS",-107.43617350,40.53108290,"https://waterdata.usgs.gov/nwis/inventory?agency_code=USGS&site_no=09246500"
"09247600","YAMPA RIVER BELOW CRAIG, CO.","ST","USGS",-107.61423380,40.48080479,"https://waterdata.usgs.gov/nwis/inventory?agency_code=USGS&site_no=09247600"
"09251000","YAMPA RIVER NEAR MAYBELL, CO","ST","USGS",-108.03341520,40.50274666,"https://waterdata.usgs.gov/nwis/inventory?agency_code=USGS&site_no=09251000"
"09253000","LITTLE SNAKE RIVER NEAR SLATER, CO","ST","USGS",-107.14338800,40.99941048,"https://waterdata.usgs.gov/nwis/inventory?agency_code=USGS&site_no=09253000"
"09255000","SLATER FORK NEAR SLATER, CO","ST","USGS",-107.38283910,40.98246570,"https://waterdata.usgs.gov/nwis/inventory?agency_code=USGS&site_no=09255000"
"09260000","LITTLE SNAKE RIVER NEAR LILY, CO","ST","USGS",-108.42432220,40.54901667,"https://waterdata.usgs.gov/nwis/inventory?agency_code=USGS&site_no=09260000"
"09260050","YAMPA RIVER AT DEERLODGE PARK, CO","ST","USGS",-108.52510100,40.45163387,"https://waterdata.usgs.gov/nwis/inventory?agency_code=USGS&site_no=09260050"
"09304200","WHITE RIVER ABOVE COAL CREEK NEAR MEEKER, CO","ST","USGS",-107.82534860,40.00497428,"https://waterdata.usgs.gov/nwis/inventory?agency_code=USGS&site_no=09304200"
"09304500","WHITE RIVER NEAR MEEKER, CO.","ST","USGS",-107.86229460,40.03358490,"https://waterdata.usgs.gov/nwis/inventory?agency_code=USGS&site_no=09304500"
"09306242","CORRAL GULCH NEAR RANGELY, CO","ST","USGS",-108.47287190,39.92025020,"https://waterdata.usgs.gov/nwis/inventory?agency_code=USGS&site_no=09306242"
"09306255","YELLOW CREEK NEAR WHITE RIVER, CO.","ST","USGS",-108.40120460,40.16858130,"https://waterdata.usgs.gov/nwis/inventory?agency_code=USGS&site_no=09306255"
"09342500","SAN JUAN RIVER AT PAGOSA SPRINGS, CO","ST","USGS",-107.01100000,37.26552778,"https://waterdata.usgs.gov/nwis/inventory?agency_code=USGS&site_no=09342500"
"09346400","SAN JUAN RIVER NEAR CARRACAS, CO.","ST","USGS",-107.31226700,37.01361667,"https://waterdata.usgs.gov/nwis/inventory?agency_code=USGS&site_no=09346400"
"09349800","PIEDRA RIVER NEAR ARBOLES, CO.","ST","USGS",-107.39782600,37.08833797,"https://waterdata.usgs.gov/nwis/inventory?agency_code=USGS&site_no=09349800"
"09352800","LOS PINOS R ABV VALLECITO RES NR BAYFIELD, CO","ST","USGS",-107.51338930,37.41472420,"https://waterdata.usgs.gov/nwis/inventory?agency_code=USGS&site_no=09352800"
"09352900","VALLECITO CREEK NEAR BAYFIELD, CO.","ST","USGS",-107.54366880,37.47750126,"https://waterdata.usgs.gov/nwis/inventory?agency_code=USGS&site_no=09352900"
"09353800","LOS PINOS RIVER NEAR IGNACIO, CO","ST","USGS",-107.58250000,37.16611110,"https://waterdata.usgs.gov/nwis/inventory?agency_code=USGS&site_no=09353800"
"09354500","LOS PINOS RIVER AT LA BOCA, CO.","ST","USGS",-107.59949970,37.00944840,"https://waterdata.usgs.gov/nwis/inventory?agency_code=USGS&site_no=09354500"
"09358000","ANIMAS RIVER AT SILVERTON, CO.","ST","USGS",-107.65922780,37.81110770,"https://waterdata.usgs.gov/nwis/inventory?agency_code=USGS&site_no=09358000"
"09358550","CEMENT CREEK AT SILVERTON, CO","ST","USGS",-107.66367230,37.81971870,"https://waterdata.usgs.gov/nwis/inventory?agency_code=USGS&site_no=09358550"
"09359010","MINERAL CREEK AT SILVERTON, CO","ST","USGS",-107.67283920,37.80277440,"https://waterdata.usgs.gov/nwis/inventory?agency_code=USGS&site_no=09359010"
"09359020","ANIMAS RIVER BELOW SILVERTON, CO","ST","USGS",-107.66822220,37.78833330,"https://waterdata.usgs.gov/nwis/inventory?agency_code=USGS&site_no=09359020"
"09359080","CASCADE CR ABV CASCADE CR DIVERSION NR ROCKWOOD CO","ST","USGS",-107.82262500,37.66727778,"https://waterdata.usgs.gov/nwis/inventory?agency_code=USGS&site_no=09359080"
"09359082","CASCADE CR BLW CASCADE CR DIVERSION NR ROCKWOOD CO","ST","USGS",-107.82225000,37.66700000,"https://waterdata.usgs.gov/nwis/inventory?agency_code=USGS&site_no=09359082"
"09359500","ANIMAS RIVER AT TALL TIMBER RESORT ABOVE TACOMA,CO","ST","USGS",-107.77696670,37.59741667,"https://waterdata.usgs.gov/nwis/inventory?agency_code=USGS&site_no=09359500"
"09361500","ANIMAS RIVER AT DURANGO, CO","ST","USGS",-107.88034450,37.27916880,"https://waterdata.usgs.gov/nwis/inventory?agency_code=USGS&site_no=09361500"
"09362520","ANIMAS RIVER BLW DURANGO PUMP PLANT NR DURANGO, CO","ST","USGS",-107.87258330,37.24926389,"https://waterdata.usgs.gov/nwis/inventory?agency_code=USGS&site_no=09362520"
"09363500","ANIMAS RIVER NEAR CEDAR HILL, NM","ST","USGS",-107.87533330,37.03656944,"https://waterdata.usgs.gov/nwis/inventory?agency_code=USGS&site_no=09363500"
"09371000","MANCOS RIVER NEAR TOWAOC, CO.","ST","USGS",-108.74148380,37.02749425,"https://waterdata.usgs.gov/nwis/inventory?agency_code=USGS&site_no=09371000"
"09371492","MUD CREEK AT STATE HIGHWAY 32, NEAR CORTEZ, CO.","ST","USGS",-108.66120670,37.31277160,"https://waterdata.usgs.gov/nwis/inventory?agency_code=USGS&site_no=09371492"
"09371520","MCELMO CREEK ABOVE TRAIL CANYON NEAR CORTEZ, CO","ST","USGS",-108.70065270,37.32666010,"https://waterdata.usgs.gov/nwis/inventory?agency_code=USGS&site_no=09371520"
"09372000","MCELMO CREEK NEAR COLORADO-UTAH STATE LINE","ST","USGS",-109.01566600,37.32415968,"https://waterdata.usgs.gov/nwis/inventory?agency_code=USGS&site_no=09372000"
"382628104493700","TURKEY CR WEST SEEP BL TELLER RES NR STONE CITY,CO","ST","USGS",-104.82694440,38.44111110,"https://waterdata.usgs.gov/nwis/inventory?agency_code=USGS&site_no=382628104493700"
"382629104493000","TURKEY C EAST SEEP BL TELLER RES NR STONE CITY, CO","ST","USGS",-104.82583330,38.44138889,"https://waterdata.usgs.gov/nwis/inventory?agency_code=USGS&site_no=382629104493000"
"383619104520401","LYTLE DITCH AT FT. CARSON, CO","ST-DCH","USGS",-104.86830990,38.60527350,"https://waterdata.usgs.gov/nwis/inventory?agency_code=USGS&site_no=383619104520401"
"383926107593001","LOUTSENHIZER ARROYO AT HWY 50 NEAR OLATHE CO","ST","USGS",-107.99228860,38.65720700,"https://waterdata.usgs.gov/nwis/inventory?agency_code=USGS&site_no=383926107593001"
"384037104472001","MERRIAMS ROCK CREEK DITCH AT FT. CARSON, CO","ST-DCH","USGS",-104.78941820,38.67694000,"https://waterdata.usgs.gov/nwis/inventory?agency_code=USGS&site_no=384037104472001"
"384047104510301","RIPLEY DITCH FROM L. FOUNTAIN CR AT FT. CARSON, CO","ST-DCH","USGS",-104.85136320,38.67971594,"https://waterdata.usgs.gov/nwis/inventory?agency_code=USGS&site_no=384047104510301"
"384048104504901","WOMACK DITCH FROM L. FOUNTAIN CR NR FT. CARSON, CO","ST-DCH","USGS",-104.84802980,38.67999380,"https://waterdata.usgs.gov/nwis/inventory?agency_code=USGS&site_no=384048104504901"
"385106106571000","SLATE R AB BAXTER GL @HWY 135 NR CRESTED BUTTE, CO","ST","USGS",-106.95337730,38.85165929,"https://waterdata.usgs.gov/nwis/inventory?agency_code=USGS&site_no=385106106571000"
"391953108130201","ROAN CREEK AT DE BEQUE, CO.","ST","USGS",-108.21780560,39.33119444,"https://waterdata.usgs.gov/nwis/inventory?agency_code=USGS&site_no=391953108130201"
"393109104464500","CHERRY CREEK NEAR PARKER, CO","ST","USGS",-104.77969750,39.51915570,"https://waterdata.usgs.gov/nwis/inventory?agency_code=USGS&site_no=393109104464500"
"394220106431500","EAGLE RIVER BELOW MILK CREEK NEAR WOLCOTT, CO","ST","USGS",-106.72583330,39.70500000,"https://waterdata.usgs.gov/nwis/inventory?agency_code=USGS&site_no=394220106431500"
"394329104490101","TOLL GATE CREEK ABOVE 6TH AVE AT AURORA, CO","ST","USGS",-104.81789440,39.72508889,"https://waterdata.usgs.gov/nwis/inventory?agency_code=USGS&site_no=394329104490101"
"394839104570300","SAND CREEK AT MOUTH NR COMMERCE CITY,CO","ST","USGS",-104.95158330,39.81097220,"https://waterdata.usgs.gov/nwis/inventory?agency_code=USGS&site_no=394839104570300"
"401723105400000","ANDREWS CREEK-LOCH VALE-RMNP","ST","USGS",-105.66666670,40.29000000,"https://waterdata.usgs.gov/nwis/inventory?agency_code=USGS&site_no=401723105400000"
"401727105400000","ANDREWS SPRING 1","SP","USGS",-105.66722720,40.29081794,"https://waterdata.usgs.gov/nwis/inventory?agency_code=USGS&site_no=401727105400000"
"401733105392404","THE LOCH OUTLET - LOCH VALE","ST","USGS",-105.65444440,40.29305556,"https://waterdata.usgs.gov/nwis/inventory?agency_code=USGS&site_no=401733105392404"
"402114105350101","BIG THOMPSON BL MORAINE PARK NR ESTES PARK, CO","ST","USGS",-105.58416790,40.35387290,"https://waterdata.usgs.gov/nwis/inventory?agency_code=USGS&site_no=402114105350101"
